,Open_time,Open,High,Low,Close,Volume,Close_time,Quote asset volume,Number_of_trades,Taker_buy_base_asset_volume,Taker_buy_quote_asset_volume,Ignore
0,1547978280000,0.008891,0.008894,0.008885,0.008894,37.03,1547978339999,0.32914536,15,33.03,0.29359252,0
1,1547978340000,0.008896,0.008896,0.008891,0.008891,13.37,1547978399999,0.11890766,5,9.81,0.08725274,0
2,1547978400000,0.008891,0.008894,0.008891,0.008894,50.23,1547978459999,0.44662623,9,13.13,0.11677013,0
3,1547978460000,0.008899,0.008899,0.008887,0.008892,230.79,1547978519999,2.05253733,22,47.09,0.41879863,0
4,1547978520000,0.008893,0.008906,0.008885,0.008887,152.94,1547978579999,1.35972065,18,50.99,0.45379251,0
5,1547978580000,0.008883,0.008887,0.008882,0.008885,35.07,1547978639999,0.31159125,6,8.08,0.0717908,0
6,1547978640000,0.008888,0.008893,0.008885,0.008885,177.95,1547978699999,1.58206929,11,11.94,0.10611836,0
7,1547978700000,0.008885,0.008887,0.008879,0.008883,88.8,1547978759999,0.78894046,30,43.5,0.38653954,0
8,1547978760000,0.008881,0.008894,0.008879,0.008894,105.03,1547978819999,0.93331988,14,81.88,0.72767587,0
9,1547978820000,0.008896,0.008905,0.008889,0.008901,58.57,1547978879999,0.52127092,10,45.2,0.40223433,0
10,1547978880000,0.008898,0.008902,0.008896,0.008896,28.24,1547978939999,0.25133196,8,25.38,0.2258894,0
11,1547978940000,0.008894,0.0089,0.008869,0.008884,713.26,1547978999999,6.33173503,46,27.99,0.24891246,0
12,1547979000000,0.008872,0.008886,0.008862,0.008882,344.6,1547979059999,3.05654139,31,10.34,0.09184885,0
13,1547979060000,0.008884,0.008885,0.008874,0.008876,80.93,1547979119999,0.71848069,10,43.3,0.38444595,0
14,1547979120000,0.00888,0.008883,0.008876,0.008878,40.34,1547979179999,0.35818003,10,9.1,0.0808089,0
15,1547979180000,0.008878,0.008881,0.008878,0.008881,20.32,1547979239999,0.18042221,7,12.43,0.11037073,0
16,1547979240000,0.008879,0.00888,0.008877,0.008879,37.92,1547979299999,0.33667139,11,18.36,0.16301956,0
17,1547979300000,0.00888,0.008883,0.008871,0.008879,73.72,1547979359999,0.65467001,11,54.5,0.48403005,0
18,1547979360000,0.008872,0.008878,0.008872,0.008872,30.47,1547979419999,0.27045703,8,3.5,0.0310666,0
19,1547979420000,0.008872,0.008877,0.008871,0.008872,19.02,1547979479999,0.16874992,5,1.12,0.00994224,0
20,1547979480000,0.008874,0.008875,0.008868,0.008869,33.54,1547979539999,0.29757882,9,7.86,0.06974964,0
21,1547979540000,0.008874,0.008882,0.008873,0.008874,132.99,1547979599999,1.18038669,40,85.65,0.76021317,0
22,1547979600000,0.008875,0.008877,0.008871,0.008872,110.2,1547979659999,0.97782972,24,39.62,0.35160872,0
23,1547979660000,0.008872,0.008879,0.008871,0.008878,79.85,1547979719999,0.70860974,20,20.94,0.18585909,0
24,1547979720000,0.008877,0.008882,0.008871,0.00888,146.75,1547979779999,1.30272241,29,95.0,0.84339563,0
25,1547979780000,0.008877,0.008881,0.008876,0.008876,98.43,1547979839999,0.87381731,18,92.82,0.82402295,0
26,1547979840000,0.008877,0.008879,0.008876,0.008878,92.59,1547979899999,0.82197433,18,80.04,0.71056186,0
27,1547979900000,0.008878,0.008878,0.008877,0.008877,83.03,1547979959999,0.73709045,14,66.79,0.59292797,0
28,1547979960000,0.008877,0.008881,0.008877,0.008879,208.27,1547980019999,1.84918864,27,180.1,1.59906773,0
29,1547980020000,0.00888,0.008882,0.008878,0.008881,156.8,1547980079999,1.39231247,21,81.08,0.72000907,0
30,1547980080000,0.008881,0.008881,0.008879,0.008879,71.91,1547980139999,0.63856256,13,66.41,0.58972256,0
31,1547980140000,0.008879,0.008881,0.008877,0.008877,138.97,1547980199999,1.23386602,16,52.33,0.46465419,0
32,1547980200000,0.008877,0.008878,0.008869,0.008869,72.72,1547980259999,0.64536949,13,27.93,0.24790075,0
33,1547980260000,0.008869,0.008878,0.008869,0.008871,148.13,1547980319999,1.31431007,21,97.17,0.86226124,0
34,1547980320000,0.008869,0.008878,0.008854,0.008859,433.59,1547980379999,3.84285743,61,45.58,0.404051,0
35,1547980380000,0.008865,0.008872,0.008861,0.008866,95.95,1547980439999,0.8507088,27,49.13,0.43564677,0
36,1547980440000,0.008873,0.008873,0.008863,0.008863,60.99,1547980499999,0.54076861,17,28.9,0.25628184,0
37,1547980500000,0.008868,0.008873,0.008845,0.008852,772.56,1547980559999,6.84380238,71,204.44,1.81317551,0
38,1547980560000,0.008856,0.008856,0.00884,0.008846,351.62,1547980619999,3.11071535,58,110.36,0.9767368,0
39,1547980620000,0.008849,0.008849,0.008842,0.008846,143.9,1547980679999,1.27290748,29,64.98,0.57482894,0
40,1547980680000,0.008843,0.008848,0.008843,0.008846,136.33,1547980739999,1.20585257,16,112.61,0.99606746,0
41,1547980740000,0.008847,0.008852,0.008846,0.00885,32.76,1547980799999,0.28990146,13,30.08,0.26618502,0
42,1547980800000,0.00885,0.00885,0.008838,0.008845,294.53,1547980859999,2.60462259,34,17.51,0.15494498,0
43,1547980860000,0.008841,0.008849,0.008839,0.008847,155.27,1547980919999,1.37306123,19,86.75,0.76731235,0
44,1547980920000,0.008847,0.008849,0.008844,0.008847,30.85,1547980979999,0.27289193,8,21.09,0.18657449,0
45,1547980980000,0.008847,0.008849,0.008846,0.008847,16.0,1547981039999,0.14154437,13,16.0,0.14154437,0
46,1547981040000,0.008847,0.008848,0.008843,0.008843,41.23,1547981099999,0.36466044,11,16.33,0.14443784,0
47,1547981100000,0.00884,0.008846,0.008832,0.008844,285.82,1547981159999,2.52763336,35,222.2,1.96529344,0
48,1547981160000,0.00884,0.008845,0.008837,0.008843,48.08,1547981219999,0.42507493,12,32.72,0.28928838,0
49,1547981220000,0.008843,0.008843,0.008828,0.008829,134.12,1547981279999,1.18446247,28,21.49,0.18982165,0
50,1547981280000,0.008829,0.008841,0.008829,0.008841,31.92,1547981339999,0.28190947,6,9.73,0.08595707,0
51,1547981340000,0.00884,0.00884,0.008822,0.008836,150.08,1547981399999,1.32491898,28,31.67,0.2798537,0
52,1547981400000,0.008839,0.008839,0.008836,0.008837,68.86,1547981459999,0.6085522,11,42.44,0.37509123,0
53,1547981460000,0.008831,0.008837,0.008824,0.008837,89.24,1547981519999,0.78805674,19,15.26,0.13483667,0
54,1547981520000,0.008835,0.008838,0.00883,0.008832,79.65,1547981579999,0.70364013,26,27.25,0.24075614,0
55,1547981580000,0.008834,0.008835,0.00883,0.008835,44.14,1547981639999,0.38989992,10,18.36,0.16219104,0
56,1547981640000,0.008836,0.00886,0.008836,0.008854,153.82,1547981699999,1.36043859,29,117.21,1.03626388,0
57,1547981700000,0.008854,0.008861,0.008854,0.008855,52.64,1547981759999,0.46625574,14,40.11,0.35530501,0
58,1547981760000,0.008849,0.008858,0.008849,0.008854,53.13,1547981819999,0.47042646,11,43.72,0.38715122,0
59,1547981820000,0.008852,0.008852,0.008845,0.008852,32.03,1547981879999,0.28339325,10,30.61,0.27082625,0
60,1547981880000,0.008853,0.008853,0.008841,0.008841,21.68,1547981939999,0.19182138,9,21.68,0.19182138,0
61,1547981940000,0.008838,0.008846,0.008838,0.00884,107.58,1547981999999,0.95095634,11,93.06,0.82260807,0
62,1547982000000,0.008837,0.008848,0.008837,0.008844,24.86,1547982059999,0.21977875,23,21.28,0.18813405,0
63,1547982060000,0.008839,0.008844,0.008837,0.008837,122.22,1547982119999,1.08031132,11,106.04,0.93726566,0
64,1547982120000,0.008843,0.008849,0.008839,0.008842,67.75,1547982179999,0.59908346,25,25.36,0.22426002,0
65,1547982180000,0.008842,0.008847,0.008836,0.008836,45.0,1547982239999,0.39788991,15,5.68,0.05024223,0
66,1547982240000,0.008838,0.008839,0.008838,0.008839,15.43,1547982299999,0.13637634,3,0.0,0.0,0
67,1547982300000,0.00884,0.008845,0.008837,0.008839,44.33,1547982359999,0.39184964,8,5.01,0.04430946,0
68,1547982360000,0.008842,0.008848,0.008841,0.008841,80.61,1547982419999,0.71290565,17,49.5,0.43784232,0
69,1547982420000,0.008839,0.008846,0.008839,0.008843,36.94,1547982479999,0.32662508,10,21.33,0.18862308,0
70,1547982480000,0.008845,0.008845,0.008835,0.008843,49.71,1547982539999,0.43952625,9,16.7,0.14767586,0
71,1547982540000,0.008837,0.008844,0.008835,0.008835,39.93,1547982599999,0.35294852,13,15.95,0.141005,0
72,1547982600000,0.008842,0.008844,0.008835,0.008837,38.75,1547982659999,0.34251349,10,27.85,0.24617851,0
73,1547982660000,0.008836,0.008844,0.008836,0.008844,31.13,1547982719999,0.27518215,11,12.96,0.11457064,0
74,1547982720000,0.008838,0.008843,0.008836,0.008836,19.21,1547982779999,0.16978464,5,0.34,0.00300662,0
75,1547982780000,0.008837,0.008843,0.008837,0.008843,46.15,1547982839999,0.40798513,8,32.1,0.28379398,0
76,1547982840000,0.008842,0.008842,0.008828,0.008841,229.41,1547982899999,2.02631434,20,9.63,0.08513793,0
77,1547982900000,0.008838,0.008842,0.008831,0.008841,36.15,1547982959999,0.31945682,15,20.76,0.18347515,0
78,1547982960000,0.008837,0.00884,0.008833,0.008835,31.77,1547983019999,0.28069473,9,14.02,0.12388734,0
79,1547983020000,0.008836,0.008836,0.008833,0.008836,24.79,1547983079999,0.2190254,12,17.81,0.1573681,0
80,1547983080000,0.008836,0.008841,0.008833,0.008839,80.28,1547983139999,0.70941067,15,66.66,0.58903813,0
81,1547983140000,0.008838,0.008838,0.008835,0.008835,26.21,1547983199999,0.23159088,6,12.91,0.11408538,0
82,1547983200000,0.008836,0.008845,0.008835,0.008839,31.32,1547983259999,0.27683207,18,17.91,0.15832507,0
83,1547983260000,0.008839,0.008849,0.008839,0.008846,12.3,1547983319999,0.10881966,5,8.73,0.07724637,0
84,1547983320000,0.00884,0.008845,0.008813,0.008842,520.97,1547983379999,4.59962644,48,82.41,0.72789428,0
85,1547983380000,0.008841,0.008841,0.008837,0.008838,27.5,1547983439999,0.24307849,8,13.16,0.11634756,0
86,1547983440000,0.008839,0.008847,0.008835,0.008841,178.61,1547983499999,1.5791188,23,166.71,1.47396359,0
87,1547983500000,0.008835,0.008846,0.008831,0.008842,23.21,1547983559999,0.20512447,13,7.61,0.06728692,0
88,1547983560000,0.008836,0.008842,0.008833,0.008837,26.11,1547983619999,0.23075743,6,12.39,0.10953747,0
89,1547983620000,0.00884,0.008846,0.00883,0.00883,60.3,1547983679999,0.53287721,18,15.81,0.13981491,0
90,1547983680000,0.008829,0.008851,0.008817,0.008851,686.31,1547983739999,6.0673235,96,593.58,5.24842864,0
91,1547983740000,0.008849,0.008865,0.008847,0.008856,433.59,1547983799999,3.84055188,76,267.21,2.3665701,0
92,1547983800000,0.008848,0.008867,0.008827,0.008844,1281.96,1547983859999,11.35057449,172,891.3,7.89585004,0
93,1547983860000,0.008843,0.008849,0.008787,0.008791,1533.55,1547983919999,13.50767855,291,652.81,5.74986828,0
94,1547983920000,0.008791,0.008813,0.008773,0.008776,727.5,1547983979999,6.39240251,183,309.78,2.72216949,0
95,1547983980000,0.008782,0.008795,0.008766,0.008782,728.47,1547984039999,6.39607721,110,161.88,1.42208028,0
96,1547984040000,0.008781,0.008814,0.008779,0.008795,571.74,1547984099999,5.02633451,64,445.62,3.91764323,0
97,1547984100000,0.008794,0.008804,0.008783,0.008802,298.69,1547984159999,2.62537223,54,167.34,1.47117123,0
98,1547984160000,0.008804,0.008814,0.008785,0.008793,145.94,1547984219999,1.28444968,41,72.35,0.63662361,0
99,1547984220000,0.008809,0.008816,0.008799,0.008804,338.45,1547984279999,2.98055929,55,96.61,0.85060032,0
100,1547984280000,0.008802,0.008809,0.008794,0.008809,206.68,1547984339999,1.81939579,33,109.84,0.96708606,0
101,1547984340000,0.008819,0.008822,0.00881,0.008815,118.58,1547984399999,1.04523676,18,65.35,0.57593834,0
102,1547984400000,0.00882,0.00882,0.008798,0.008802,175.66,1547984459999,1.54625597,35,134.43,1.18318735,0
103,1547984460000,0.008797,0.0088,0.00878,0.008793,281.93,1547984519999,2.47787115,43,31.25,0.27464573,0
104,1547984520000,0.008794,0.008807,0.00878,0.008798,326.43,1547984579999,2.870273,38,135.29,1.19025027,0
105,1547984580000,0.0088,0.008812,0.008792,0.008792,89.27,1547984639999,0.78576676,24,70.86,0.62368531,0
106,1547984640000,0.008808,0.008808,0.008787,0.008792,37.0,1547984699999,0.32529891,15,13.42,0.1179867,0
107,1547984700000,0.00879,0.00879,0.008763,0.008778,822.01,1547984759999,7.20911974,72,310.32,2.7225414,0
108,1547984760000,0.008778,0.008782,0.008773,0.008782,92.34,1547984819999,0.81054275,14,60.33,0.5296097,0
109,1547984820000,0.008782,0.008793,0.008778,0.008792,168.78,1547984879999,1.48276246,39,97.43,0.85603617,0
110,1547984880000,0.008786,0.008789,0.008774,0.008782,285.02,1547984939999,2.50235509,48,174.37,1.53067327,0
111,1547984940000,0.008774,0.008776,0.008744,0.008757,393.96,1547984999999,3.44967302,103,215.47,1.88722928,0
112,1547985000000,0.008757,0.00877,0.00875,0.008758,365.36,1547985059999,3.20068047,47,216.03,1.8918803,0
113,1547985060000,0.008753,0.00877,0.008753,0.00876,80.71,1547985119999,0.70719234,18,32.94,0.28873437,0
114,1547985120000,0.008765,0.00877,0.008762,0.008769,91.93,1547985179999,0.80579986,22,81.93,0.71817986,0
115,1547985180000,0.008766,0.008779,0.008758,0.008769,206.93,1547985239999,1.81418451,46,108.83,0.9543239,0
116,1547985240000,0.008769,0.008769,0.008758,0.008761,132.02,1547985299999,1.15675295,30,90.98,0.79724722,0
117,1547985300000,0.008757,0.008766,0.008757,0.008763,202.64,1547985359999,1.77550346,38,128.65,1.1271713,0
118,1547985360000,0.008763,0.008766,0.008757,0.008766,77.43,1547985419999,0.67835775,16,72.02,0.63095912,0
119,1547985420000,0.008761,0.008768,0.00875,0.008767,97.21,1547985479999,0.85160084,19,74.44,0.65225941,0
120,1547985480000,0.008767,0.008769,0.008752,0.008756,187.45,1547985539999,1.64188884,21,73.62,0.64479827,0
121,1547985540000,0.008757,0.008758,0.008737,0.008752,365.97,1547985599999,3.20208311,60,225.86,1.9768343,0
122,1547985600000,0.008752,0.008757,0.008731,0.008736,628.53,1547985659999,5.49488186,62,261.36,2.28516518,0
123,1547985660000,0.008743,0.008743,0.008732,0.008734,311.87,1547985719999,2.72436941,46,49.64,0.43362844,0
124,1547985720000,0.008735,0.008754,0.008735,0.008749,248.89,1547985779999,2.17599878,22,243.03,2.12480966,0
125,1547985780000,0.008751,0.008757,0.008743,0.008748,117.17,1547985839999,1.02508958,19,57.68,0.50479484,0
126,1547985840000,0.008748,0.008757,0.008747,0.008748,117.14,1547985899999,1.02551012,14,20.88,0.18276287,0
127,1547985900000,0.008747,0.008753,0.008747,0.00875,88.8,1547985959999,0.77699238,11,49.66,0.43460098,0
128,1547985960000,0.008749,0.008752,0.008742,0.008749,66.28,1547986019999,0.57986506,35,35.85,0.31363188,0
129,1547986020000,0.008749,0.008755,0.00874,0.008741,164.53,1547986079999,1.43931918,25,51.56,0.4509022,0
130,1547986080000,0.008748,0.008764,0.008745,0.008756,95.8,1547986139999,0.83843363,19,74.73,0.6540447,0
131,1547986140000,0.008756,0.008756,0.008736,0.008753,275.06,1547986199999,2.40595236,40,58.07,0.50806217,0
132,1547986200000,0.008748,0.008761,0.008748,0.00875,68.84,1547986259999,0.60254049,20,31.7,0.27752944,0
133,1547986260000,0.00875,0.008753,0.008748,0.008753,43.36,1547986319999,0.37944939,9,25.03,0.21905959,0
134,1547986320000,0.008749,0.008753,0.008747,0.008747,75.56,1547986379999,0.66115003,11,26.03,0.22781381,0
135,1547986380000,0.008749,0.008749,0.008729,0.008729,197.92,1547986439999,1.72889039,46,45.98,0.40179897,0
136,1547986440000,0.00873,0.008744,0.008706,0.008715,1017.52,1547986499999,8.87623885,200,525.97,4.58894732,0
137,1547986500000,0.00873,0.008738,0.008716,0.00873,722.65,1547986559999,6.30695647,112,597.44,5.2151095,0
138,1547986560000,0.00873,0.008768,0.008721,0.008764,877.09,1547986619999,7.66322553,135,726.41,6.34655627,0
139,1547986620000,0.008753,0.008781,0.008639,0.008732,2445.99,1547986679999,21.33413644,432,444.95,3.8900156,0
140,1547986680000,0.008738,0.008763,0.008731,0.008759,355.68,1547986739999,3.11175273,81,212.04,1.85524934,0
141,1547986740000,0.008757,0.008763,0.008742,0.00876,478.11,1547986799999,4.18476138,73,402.44,3.52200842,0
142,1547986800000,0.00876,0.008786,0.00876,0.008782,503.36,1547986859999,4.41702545,96,284.17,2.49322967,0
143,1547986860000,0.008786,0.008795,0.008761,0.008773,326.19,1547986919999,2.86507551,51,212.82,1.86981724,0
144,1547986920000,0.008773,0.008788,0.008773,0.008783,169.35,1547986979999,1.48750118,33,91.69,0.80552963,0
145,1547986980000,0.008778,0.008783,0.008746,0.008759,192.9,1547987039999,1.69139308,27,94.89,0.83182467,0
146,1547987040000,0.008749,0.008769,0.008749,0.008769,210.78,1547987099999,1.84545963,35,175.07,1.53283945,0
147,1547987100000,0.008767,0.008779,0.008757,0.008757,101.03,1547987159999,0.88513249,33,42.93,0.37608501,0
148,1547987160000,0.008761,0.008761,0.008749,0.00875,225.27,1547987219999,1.97289546,37,149.35,1.30836666,0
149,1547987220000,0.008748,0.008752,0.008742,0.008742,164.04,1547987279999,1.43505907,32,129.24,1.1306205,0
150,1547987280000,0.008739,0.008756,0.008732,0.008744,161.48,1547987339999,1.41128066,45,123.75,1.08144948,0
151,1547987340000,0.008743,0.008755,0.008706,0.008755,804.66,1547987399999,7.02454332,107,303.51,2.65319283,0
152,1547987400000,0.008759,0.008769,0.008736,0.00874,109.01,1547987459999,0.95465875,28,62.86,0.55051518,0
153,1547987460000,0.008741,0.008749,0.008737,0.008749,359.29,1547987519999,3.14036199,41,223.22,1.95091467,0
154,1547987520000,0.00875,0.008754,0.008742,0.008746,129.62,1547987579999,1.13387034,29,97.26,0.85076182,0
155,1547987580000,0.00875,0.00878,0.008746,0.008752,113.38,1547987639999,0.99293697,25,76.11,0.66655379,0
156,1547987640000,0.008752,0.008759,0.008752,0.008753,111.87,1547987699999,0.97941995,20,54.65,0.4784927,0
157,1547987700000,0.008757,0.008761,0.00875,0.00875,113.24,1547987759999,0.99160605,21,51.55,0.4514364,0
158,1547987760000,0.008753,0.008765,0.008736,0.008748,107.06,1547987819999,0.93661016,24,42.12,0.36856151,0
159,1547987820000,0.008748,0.008759,0.008742,0.008755,61.35,1547987879999,0.53677112,12,12.43,0.10882007,0
160,1547987880000,0.00875,0.008754,0.008744,0.008748,62.63,1547987939999,0.54803363,11,61.51,0.53824035,0
161,1547987940000,0.008748,0.008752,0.008739,0.008742,67.28,1547987999999,0.58851617,26,52.6,0.46015957,0
162,1547988000000,0.008739,0.008754,0.008738,0.008751,112.76,1547988059999,0.98633345,16,88.6,0.77514049,0
163,1547988060000,0.00875,0.008756,0.008744,0.00875,93.38,1547988119999,0.81722892,17,74.69,0.65368378,0
164,1547988120000,0.008751,0.008752,0.00874,0.00874,139.35,1547988179999,1.21925854,26,121.96,1.06715302,0
165,1547988180000,0.008743,0.008755,0.008743,0.008753,155.88,1547988239999,1.36388174,26,137.58,1.20382021,0
166,1547988240000,0.008753,0.008756,0.008751,0.008751,108.04,1547988299999,0.9456774,20,98.02,0.85798776,0
167,1547988300000,0.008743,0.008756,0.00874,0.008755,76.76,1547988359999,0.67163317,12,48.68,0.42588343,0
168,1547988360000,0.008754,0.00876,0.008744,0.00876,324.12,1547988419999,2.83816784,47,238.77,2.09112337,0
169,1547988420000,0.008763,0.008772,0.008761,0.008772,92.95,1547988479999,0.81475348,21,82.8,0.725818,0
170,1547988480000,0.008773,0.008773,0.00876,0.008761,58.3,1547988539999,0.51107633,39,43.22,0.37891369,0
171,1547988540000,0.008761,0.008764,0.008753,0.008764,49.08,1547988599999,0.42992286,9,19.29,0.16896502,0
172,1547988600000,0.008765,0.008774,0.008763,0.008774,82.28,1547988659999,0.72147607,16,75.3,0.66028143,0
173,1547988660000,0.008775,0.008775,0.008754,0.008772,125.11,1547988719999,1.09754425,26,97.64,0.85658757,0
174,1547988720000,0.008769,0.008769,0.008761,0.008765,236.39,1547988779999,2.07195198,20,208.51,1.8276153,0
175,1547988780000,0.00877,0.008773,0.008762,0.00877,48.96,1547988839999,0.42922638,12,42.05,0.36865189,0
176,1547988840000,0.008762,0.008777,0.008762,0.00877,63.98,1547988899999,0.56116337,26,37.27,0.32694235,0
177,1547988900000,0.008774,0.00878,0.008763,0.008774,401.85,1547988959999,3.52546588,64,381.3,3.34525911,0
178,1547988960000,0.008777,0.008795,0.008775,0.008784,165.82,1547989019999,1.45712678,33,115.02,1.01072151,0
179,1547989020000,0.008782,0.008787,0.008769,0.008781,68.09,1547989079999,0.59743567,27,27.16,0.23835873,0
180,1547989080000,0.008775,0.008789,0.008775,0.008785,37.11,1547989139999,0.32596515,15,19.24,0.16905221,0
181,1547989140000,0.008785,0.008785,0.008768,0.008772,53.09,1547989199999,0.46619214,31,46.5,0.40837089,0
182,1547989200000,0.008783,0.008791,0.008768,0.00877,60.92,1547989259999,0.53460554,15,20.8,0.18255697,0
183,1547989260000,0.008775,0.008776,0.00875,0.008756,125.85,1547989319999,1.10358717,30,74.22,0.65096829,0
184,1547989320000,0.008763,0.00877,0.008759,0.008769,79.87,1547989379999,0.70011778,28,43.84,0.38435994,0
185,1547989380000,0.008771,0.008776,0.008631,0.008721,3189.31,1547989439999,27.76642046,399,805.42,7.03439926,0
186,1547989440000,0.008726,0.008737,0.008724,0.008733,1191.66,1547989499999,10.39953337,70,1047.02,9.13718707,0
187,1547989500000,0.008732,0.008732,0.008714,0.008722,246.83,1547989559999,2.15334939,30,53.58,0.46756842,0
188,1547989560000,0.008724,0.008735,0.00872,0.00872,246.14,1547989619999,2.1473507,68,232.05,2.02440288,0
189,1547989620000,0.008721,0.008725,0.008719,0.008721,67.04,1547989679999,0.58470706,21,15.89,0.13862256,0
190,1547989680000,0.008717,0.008729,0.008714,0.008714,180.57,1547989739999,1.57486932,29,142.29,1.24104425,0
191,1547989740000,0.00872,0.008733,0.00872,0.008729,115.29,1547989799999,1.00616385,15,96.24,0.83990819,0
192,1547989800000,0.008733,0.008749,0.008732,0.008747,245.21,1547989859999,2.14305035,37,225.9,1.97439228,0
193,1547989860000,0.008747,0.008757,0.008746,0.008753,196.38,1547989919999,1.71842354,31,173.08,1.51457799,0
194,1547989920000,0.008746,0.008756,0.008746,0.008747,47.24,1547989979999,0.41344521,8,34.6,0.30287789,0
195,1547989980000,0.008754,0.00877,0.008745,0.008745,157.81,1547990039999,1.38263126,40,124.51,1.09119699,0
196,1547990040000,0.008748,0.008764,0.008744,0.008747,58.7,1547990099999,0.51356249,15,34.6,0.30274814,0
197,1547990100000,0.008745,0.008755,0.008734,0.008737,85.1,1547990159999,0.74424339,26,37.08,0.32439826,0
198,1547990160000,0.008737,0.008748,0.008731,0.008739,79.13,1547990219999,0.69137497,18,31.81,0.27802952,0
199,1547990220000,0.008738,0.008744,0.008731,0.008734,105.15,1547990279999,0.91905193,17,86.53,0.75640195,0
200,1547990280000,0.008734,0.008741,0.008726,0.008737,95.39,1547990339999,0.83335164,30,56.76,0.49593339,0
201,1547990340000,0.008736,0.00874,0.008734,0.008735,55.1,1547990399999,0.48137683,18,35.23,0.30781157,0
202,1547990400000,0.008735,0.008738,0.008735,0.008735,53.72,1547990459999,0.46927368,10,26.48,0.23133228,0
203,1547990460000,0.008734,0.008736,0.008726,0.008726,45.37,1547990519999,0.39607152,10,1.56,0.01362432,0
204,1547990520000,0.008727,0.008728,0.00872,0.008723,69.67,1547990579999,0.60783909,10,40.18,0.35063176,0
205,1547990580000,0.008723,0.008725,0.008722,0.008723,56.64,1547990639999,0.49411669,12,25.15,0.21942719,0
206,1547990640000,0.008725,0.008727,0.008715,0.008722,118.06,1547990699999,1.02956798,19,35.6,0.31059338,0
207,1547990700000,0.00872,0.008725,0.008716,0.00872,105.9,1547990759999,0.92334338,20,21.81,0.19020726,0
208,1547990760000,0.008721,0.008725,0.008716,0.008717,142.93,1547990819999,1.24678507,31,72.38,0.63144709,0
209,1547990820000,0.008718,0.008722,0.008717,0.008722,141.29,1547990879999,1.23199122,17,91.95,0.80185146,0
210,1547990880000,0.008722,0.008722,0.008717,0.008718,95.87,1547990939999,0.83589126,16,37.51,0.32710524,0
211,1547990940000,0.008717,0.00872,0.008717,0.008719,19.52,1547990999999,0.1701939,5,0.22,0.00191818,0
212,1547991000000,0.008718,0.008718,0.00871,0.008716,263.86,1547991059999,2.29926862,29,126.15,1.09899012,0
213,1547991060000,0.008716,0.00872,0.008707,0.008716,181.9,1547991119999,1.58485878,22,80.27,0.69961818,0
214,1547991120000,0.008716,0.008716,0.008716,0.008716,21.99,1547991179999,0.19166484,3,21.99,0.19166484,0
215,1547991180000,0.008716,0.008717,0.008709,0.008715,138.02,1547991239999,1.20274572,29,104.63,0.91179485,0
216,1547991240000,0.008716,0.008722,0.008716,0.00872,64.55,1547991299999,0.56280516,23,56.81,0.49532748,0
217,1547991300000,0.008719,0.008723,0.00871,0.008723,251.95,1547991359999,2.1969478,52,215.69,1.88083545,0
218,1547991360000,0.008721,0.008721,0.008714,0.008715,91.6,1547991419999,0.79845567,25,86.85,0.75704146,0
219,1547991420000,0.008716,0.008724,0.008709,0.008711,107.61,1547991479999,0.937988,32,86.12,0.75079216,0
220,1547991480000,0.008717,0.008722,0.00871,0.008715,95.53,1547991539999,0.83272938,23,71.4,0.62242621,0
221,1547991540000,0.008715,0.008717,0.008715,0.008716,117.59,1547991599999,1.02490798,18,79.48,0.69271122,0
222,1547991600000,0.008716,0.008725,0.008715,0.008722,156.2,1547991659999,1.36168081,39,141.72,1.23539326,0
223,1547991660000,0.008721,0.008721,0.008715,0.008716,31.53,1547991719999,0.27490814,14,31.14,0.27150929,0
224,1547991720000,0.008716,0.008716,0.008716,0.008716,20.85,1547991779999,0.1817286,2,20.85,0.1817286,0
225,1547991780000,0.008716,0.008716,0.008715,0.008716,4.22,1547991839999,0.03677954,8,2.24,0.01952384,0
226,1547991840000,0.008715,0.008715,0.008709,0.008711,96.35,1547991899999,0.83960323,10,0.16,0.00139376,0
227,1547991900000,0.00871,0.008713,0.0087,0.008703,115.38,1547991959999,1.0046672,26,50.95,0.44350371,0
228,1547991960000,0.008706,0.008707,0.0087,0.008703,183.6,1547992019999,1.59770045,29,130.14,1.13252652,0
229,1547992020000,0.008703,0.008703,0.008694,0.008697,1656.29,1547992079999,14.40952961,49,123.59,1.07502797,0
230,1547992080000,0.008698,0.008698,0.00869,0.008698,194.29,1547992139999,1.68906831,51,184.32,1.60240374,0
231,1547992140000,0.008695,0.008705,0.008693,0.008695,322.9,1547992199999,2.80793717,44,268.72,2.33678998,0
232,1547992200000,0.0087,0.008705,0.008697,0.008699,161.24,1547992259999,1.4026644,17,121.54,1.05730764,0
233,1547992260000,0.008697,0.008702,0.008697,0.008701,298.7,1547992319999,2.59828027,24,278.3,2.42080333,0
234,1547992320000,0.008697,0.008716,0.008695,0.008707,337.89,1547992379999,2.94083388,62,178.57,1.55413064,0
235,1547992380000,0.008706,0.00871,0.008699,0.008706,461.49,1547992439999,4.0153233,19,419.82,3.65275392,0
236,1547992440000,0.008704,0.008704,0.008696,0.008697,110.98,1547992499999,0.96558615,23,27.26,0.23718418,0
237,1547992500000,0.008699,0.008699,0.008694,0.008694,179.72,1547992559999,1.5626857,17,111.36,0.96820471,0
238,1547992560000,0.008695,0.008702,0.008693,0.008702,137.58,1547992619999,1.19635392,14,122.69,1.06679245,0
239,1547992620000,0.008701,0.008703,0.0087,0.008703,32.24,1547992679999,0.28050051,6,25.61,0.22281288,0
240,1547992680000,0.008697,0.008699,0.008694,0.008698,24.3,1547992739999,0.21132367,11,14.4,0.12524107,0
241,1547992740000,0.008699,0.0087,0.008697,0.0087,80.84,1547992799999,0.7032362,29,65.32,0.5682222,0
242,1547992800000,0.008693,0.008698,0.008693,0.008696,27.49,1547992859999,0.23901212,10,16.39,0.14251982,0
243,1547992860000,0.008697,0.008702,0.008697,0.008697,43.13,1547992919999,0.37513846,7,34.15,0.29703699,0
244,1547992920000,0.008697,0.00871,0.008697,0.008708,120.49,1547992979999,1.04844528,23,95.73,0.8329091,0
245,1547992980000,0.008706,0.008708,0.0087,0.008708,69.74,1547993039999,0.60719991,15,54.67,0.47598614,0
246,1547993040000,0.008705,0.008707,0.008698,0.008702,162.01,1547993099999,1.41029492,15,128.82,1.1213509,0
247,1547993100000,0.008698,0.0087,0.00869,0.008691,95.16,1547993159999,0.82722074,17,21.47,0.1867247,0
248,1547993160000,0.008699,0.008699,0.008691,0.008691,36.01,1547993219999,0.31306162,8,15.78,0.13723322,0
249,1547993220000,0.008696,0.0087,0.008693,0.008697,48.47,1547993279999,0.42153839,6,6.22,0.05409534,0
250,1547993280000,0.008697,0.0087,0.008689,0.008697,60.88,1547993339999,0.52934858,17,35.38,0.30761057,0
251,1547993340000,0.008697,0.0087,0.00869,0.008695,101.56,1547993399999,0.88318425,21,71.18,0.61907254,0
252,1547993400000,0.008695,0.008704,0.008693,0.0087,155.38,1547993459999,1.35139179,25,125.57,1.09213727,0
253,1547993460000,0.0087,0.008707,0.008689,0.008694,75.45,1547993519999,0.65619224,19,55.39,0.48180182,0
254,1547993520000,0.008694,0.008699,0.008689,0.008689,65.13,1547993579999,0.5662127,9,9.38,0.08158824,0
255,1547993580000,0.008697,0.008697,0.008689,0.008697,115.26,1547993639999,1.00195526,19,3.9,0.03391641,0
256,1547993640000,0.008689,0.008699,0.008689,0.00869,89.04,1547993699999,0.77414094,24,44.1,0.38343308,0
257,1547993700000,0.008696,0.008698,0.008695,0.008696,22.29,1547993759999,0.19384539,7,21.3,0.18523734,0
258,1547993760000,0.008696,0.008703,0.008691,0.008703,48.18,1547993819999,0.41894696,10,34.54,0.30039455,0
259,1547993820000,0.008695,0.0087,0.00869,0.008691,43.94,1547993879999,0.38205521,8,27.36,0.23795288,0
260,1547993880000,0.008703,0.008703,0.008692,0.008695,68.57,1547993939999,0.59624855,20,47.11,0.40962973,0
261,1547993940000,0.008703,0.008703,0.008694,0.008695,43.23,1547993999999,0.37597335,8,32.62,0.28365936,0
262,1547994000000,0.008695,0.008701,0.008694,0.008694,38.93,1547994059999,0.3385442,12,0.3,0.0026103,0
263,1547994060000,0.00869,0.008698,0.00869,0.008695,32.42,1547994119999,0.28180351,18,7.66,0.06659683,0
264,1547994120000,0.008695,0.008704,0.008694,0.008703,20.91,1547994179999,0.1818805,9,20.22,0.17588152,0
265,1547994180000,0.008691,0.008696,0.008688,0.008695,78.03,1547994239999,0.67810538,18,20.98,0.18240288,0
266,1547994240000,0.008695,0.008698,0.00869,0.008696,42.33,1547994299999,0.36799579,18,28.35,0.24648765,0
267,1547994300000,0.008695,0.008696,0.008688,0.00869,32.75,1547994359999,0.28472759,13,27.57,0.23970196,0
268,1547994360000,0.008697,0.008704,0.00869,0.008704,39.75,1547994419999,0.34570446,13,36.39,0.31650348,0
269,1547994420000,0.008696,0.008696,0.008691,0.008694,15.27,1547994479999,0.13274522,7,15.27,0.13274522,0
270,1547994480000,0.008693,0.008698,0.008689,0.008689,103.81,1547994539999,0.90274431,12,95.88,0.83382468,0
271,1547994540000,0.00869,0.008691,0.008684,0.008684,225.22,1547994599999,1.95674701,22,183.7,1.59605635,0
272,1547994600000,0.008683,0.008702,0.008682,0.008685,54.29,1547994659999,0.47176004,18,37.06,0.32212384,0
273,1547994660000,0.008685,0.008697,0.008685,0.008693,35.14,1547994719999,0.30524044,12,18.1,0.15723236,0
274,1547994720000,0.00869,0.008692,0.008686,0.008692,30.69,1547994779999,0.26671265,9,13.07,0.11359756,0
275,1547994780000,0.008693,0.008693,0.00869,0.008692,19.73,1547994839999,0.17148557,11,19.53,0.16974757,0
276,1547994840000,0.008692,0.008693,0.008691,0.008691,14.78,1547994899999,0.12846202,10,14.78,0.12846202,0
277,1547994900000,0.008692,0.008701,0.008691,0.008696,89.99,1547994959999,0.78230465,19,89.99,0.78230465,0
278,1547994960000,0.008693,0.008697,0.008692,0.008697,90.3,1547995019999,0.78499018,14,82.8,0.71978398,0
279,1547995020000,0.008696,0.008699,0.008686,0.008699,86.1,1547995079999,0.74846754,14,20.49,0.17815305,0
280,1547995080000,0.008698,0.008708,0.008697,0.008707,143.38,1547995139999,1.2476651,36,99.91,0.86928189,0
281,1547995140000,0.008703,0.008711,0.008699,0.008711,65.53,1547995199999,0.5704297,12,58.55,0.50966515,0
282,1547995200000,0.00871,0.00871,0.008702,0.008705,62.63,1547995259999,0.54539328,19,13.48,0.11734989,0
283,1547995260000,0.00871,0.008717,0.008702,0.008702,125.8,1547995319999,1.0962392,18,112.41,0.97962431,0
284,1547995320000,0.008707,0.00871,0.008703,0.008704,69.57,1547995379999,0.60572477,23,41.15,0.35828855,0
285,1547995380000,0.008705,0.008705,0.008698,0.008698,49.03,1547995439999,0.42660964,21,25.16,0.218926,0
286,1547995440000,0.008698,0.008698,0.008689,0.008689,33.86,1547995499999,0.29436925,12,11.32,0.09843942,0
287,1547995500000,0.008688,0.008696,0.008688,0.008688,39.66,1547995559999,0.34472591,11,9.55,0.08303912,0
288,1547995560000,0.008692,0.008701,0.008689,0.008701,120.98,1547995619999,1.0519452,16,106.21,0.92357923,0
289,1547995620000,0.008695,0.0087,0.008695,0.008695,37.35,1547995679999,0.32484751,9,21.74,0.18910226,0
290,1547995680000,0.008698,0.008707,0.008694,0.008701,49.73,1547995739999,0.43261523,14,18.69,0.16262532,0
291,1547995740000,0.008701,0.008708,0.008696,0.008703,43.7,1547995799999,0.38040178,11,15.29,0.13309289,0
292,1547995800000,0.008701,0.00871,0.008697,0.008704,20.42,1547995859999,0.17776532,28,14.58,0.12692132,0
293,1547995860000,0.008709,0.008709,0.008705,0.008705,3.01,1547995919999,0.02620709,2,3.01,0.02620709,0
294,1547995920000,0.00871,0.00871,0.008702,0.008706,36.01,1547995979999,0.31344582,7,19.73,0.17177726,0
295,1547995980000,0.008704,0.008711,0.008703,0.008704,79.37,1547996039999,0.69114073,21,56.55,0.49240763,0
296,1547996040000,0.008709,0.008716,0.008695,0.008695,140.37,1547996099999,1.22219529,15,52.0,0.45305325,0
297,1547996100000,0.0087,0.008706,0.008695,0.008705,37.83,1547996159999,0.32923074,10,35.17,0.30608466,0
298,1547996160000,0.0087,0.008705,0.008699,0.008703,18.97,1547996219999,0.16506254,6,6.71,0.05840272,0
299,1547996220000,0.008702,0.008704,0.008699,0.008702,24.67,1547996279999,0.21466575,10,14.32,0.12461262,0
300,1547996280000,0.008701,0.00871,0.008701,0.008707,42.95,1547996339999,0.37383398,13,38.12,0.33180011,0
301,1547996340000,0.008709,0.008709,0.008705,0.008708,38.43,1547996399999,0.334583,11,11.01,0.09586297,0
302,1547996400000,0.008707,0.008726,0.008707,0.008723,198.79,1547996459999,1.73128556,31,131.87,1.1485515,0
303,1547996460000,0.00872,0.008723,0.00871,0.008722,45.86,1547996519999,0.39985908,21,40.45,0.3527062,0
304,1547996520000,0.008721,0.008722,0.008704,0.008708,43.9,1547996579999,0.38249263,15,25.28,0.22027539,0
305,1547996580000,0.008708,0.008709,0.008702,0.008702,48.35,1547996639999,0.42089999,15,17.44,0.15183661,0
306,1547996640000,0.008705,0.008708,0.008701,0.008701,20.97,1547996699999,0.18249729,11,7.18,0.06249661,0
307,1547996700000,0.0087,0.008703,0.0087,0.008702,19.49,1547996759999,0.16960961,13,11.95,0.10399715,0
308,1547996760000,0.008702,0.008703,0.008698,0.008698,28.27,1547996819999,0.24594565,12,7.7,0.06698924,0
309,1547996820000,0.008699,0.008702,0.008698,0.0087,47.08,1547996879999,0.40956979,15,37.02,0.32205311,0
310,1547996880000,0.008698,0.008699,0.008697,0.008698,19.03,1547996939999,0.16553128,5,8.93,0.07768207,0
311,1547996940000,0.0087,0.008703,0.008699,0.008703,37.28,1547996999999,0.32436079,9,27.05,0.23535245,0
312,1547997000000,0.008703,0.008711,0.008703,0.008711,7.98,1547997059999,0.06948187,4,7.98,0.06948187,0
313,1547997060000,0.00871,0.00871,0.008701,0.008707,24.78,1547997119999,0.21576595,10,19.58,0.17051361,0
314,1547997120000,0.008712,0.008716,0.008704,0.008706,23.11,1547997179999,0.20127489,15,18.74,0.16323323,0
315,1547997180000,0.008711,0.008712,0.008706,0.008711,23.61,1547997239999,0.20559315,10,7.31,0.06365718,0
316,1547997240000,0.00871,0.008711,0.008705,0.008707,13.35,1547997299999,0.11624571,11,7.35,0.06400849,0
317,1547997300000,0.008706,0.008721,0.008706,0.00871,41.73,1547997359999,0.36350479,27,21.64,0.18853719,0
318,1547997360000,0.008713,0.008717,0.008711,0.008716,112.83,1547997419999,0.98327335,12,98.46,0.85806884,0
319,1547997420000,0.008715,0.008721,0.008714,0.008721,15.97,1547997479999,0.13921017,8,14.57,0.12701019,0
320,1547997480000,0.008721,0.008721,0.008718,0.008721,30.31,1547997539999,0.26427843,11,8.5,0.07411932,0
321,1547997540000,0.008715,0.008721,0.008715,0.00872,13.71,1547997599999,0.11952823,6,7.05,0.06148103,0
322,1547997600000,0.00872,0.008726,0.00872,0.008723,45.25,1547997659999,0.3946491,19,39.46,0.34414756,0
323,1547997660000,0.008725,0.008726,0.008724,0.008724,10.43,1547997719999,0.09100361,11,5.02,0.04380398,0
324,1547997720000,0.008725,0.008725,0.008723,0.008723,38.14,1547997779999,0.33274517,13,24.91,0.21733019,0
325,1547997780000,0.008724,0.008729,0.008721,0.008724,59.06,1547997839999,0.5152125,23,19.73,0.17217402,0
326,1547997840000,0.008721,0.008722,0.00872,0.00872,78.41,1547997899999,0.68375601,11,5.02,0.04378444,0
327,1547997900000,0.00872,0.00872,0.008711,0.008713,20.34,1547997959999,0.17731055,11,6.8,0.05927353,0
328,1547997960000,0.008712,0.008717,0.008712,0.008714,17.52,1547998019999,0.15268266,11,6.56,0.05717887,0
329,1547998020000,0.008711,0.008717,0.008711,0.008713,17.86,1547998079999,0.15562923,10,5.31,0.04627898,0
330,1547998080000,0.008713,0.008719,0.008713,0.008718,28.15,1547998139999,0.24533724,15,4.59,0.04001473,0
331,1547998140000,0.008718,0.008719,0.008715,0.008715,22.49,1547998199999,0.19605798,10,20.4,0.17784363,0
332,1547998200000,0.008716,0.008718,0.008715,0.008718,21.08,1547998259999,0.18374211,5,21.08,0.18374211,0
333,1547998260000,0.008717,0.008725,0.008717,0.00872,10.41,1547998319999,0.09078146,5,4.26,0.03715346,0
334,1547998320000,0.008723,0.008728,0.008722,0.008727,20.55,1547998379999,0.17928809,7,15.85,0.13828059,0
335,1547998380000,0.008724,0.008724,0.00871,0.008717,150.73,1547998439999,1.31466335,16,0.62,0.00540654,0
336,1547998440000,0.008717,0.008721,0.008717,0.008719,36.46,1547998499999,0.31784662,11,31.3,0.27286174,0
337,1547998500000,0.008718,0.008719,0.008713,0.008717,16.04,1547998559999,0.13982664,8,10.61,0.09249862,0
338,1547998560000,0.008717,0.008717,0.008714,0.008717,14.08,1547998619999,0.12271682,6,13.21,0.11513303,0
339,1547998620000,0.008717,0.00872,0.008714,0.008714,103.62,1547998679999,0.90312033,22,39.76,0.34663238,0
340,1547998680000,0.008709,0.008714,0.008707,0.008707,29.77,1547998739999,0.25926755,8,4.48,0.03903297,0
341,1547998740000,0.008708,0.008713,0.008707,0.008708,31.29,1547998799999,0.27252218,11,13.33,0.11613076,0
342,1547998800000,0.008712,0.008712,0.00869,0.008698,143.35,1547998859999,1.24700157,52,25.46,0.22142377,0
343,1547998860000,0.008698,0.008701,0.008691,0.008697,27.96,1547998919999,0.24314753,12,13.22,0.11499549,0
344,1547998920000,0.008699,0.008701,0.008694,0.008698,34.43,1547998979999,0.29946099,31,24.65,0.21442234,0
345,1547998980000,0.008701,0.008705,0.008678,0.008683,1754.52,1547999039999,15.2453429,38,43.68,0.37967601,0
346,1547999040000,0.008679,0.008694,0.008677,0.008685,70.23,1547999099999,0.60983396,31,40.08,0.34812205,0
347,1547999100000,0.008686,0.008693,0.008678,0.008683,35.71,1547999159999,0.31003967,18,7.38,0.06409671,0
348,1547999160000,0.008678,0.008684,0.00867,0.008684,235.68,1547999219999,2.0438792,28,51.59,0.44758886,0
349,1547999220000,0.008683,0.008684,0.008671,0.008683,62.81,1547999279999,0.54499242,19,15.41,0.1337886,0
350,1547999280000,0.008682,0.008685,0.008676,0.008679,21.85,1547999339999,0.18964507,6,13.76,0.11945623,0
351,1547999340000,0.008684,0.008685,0.008676,0.008684,124.11,1547999399999,1.07765982,13,102.62,0.89114022,0
352,1547999400000,0.008682,0.008696,0.008682,0.00869,26.95,1547999459999,0.23418745,14,21.64,0.18804776,0
353,1547999460000,0.008686,0.008695,0.008681,0.008687,115.98,1547999519999,1.00746467,15,109.58,0.95188632,0
354,1547999520000,0.008687,0.008694,0.008686,0.008691,28.0,1547999579999,0.24332892,13,18.21,0.15827506,0
355,1547999580000,0.008691,0.008692,0.008671,0.008671,280.77,1547999639999,2.43720766,18,7.51,0.06527039,0
356,1547999640000,0.008688,0.008693,0.008685,0.008685,11.6,1547999699999,0.10075565,8,1.11,0.00964098,0
357,1547999700000,0.008687,0.008693,0.008686,0.008689,55.89,1547999759999,0.4856028,11,37.28,0.32392453,0
358,1547999760000,0.008688,0.008688,0.008688,0.008688,13.21,1547999819999,0.11476848,3,0.0,0.0,0
359,1547999820000,0.008687,0.008689,0.008681,0.008686,62.79,1547999879999,0.54540294,22,7.74,0.06724194,0
360,1547999880000,0.008686,0.008686,0.008677,0.00868,48.28,1547999939999,0.41913675,17,32.11,0.27882374,0
361,1547999940000,0.008679,0.008683,0.008678,0.008679,109.77,1547999999999,0.95297138,25,82.33,0.71482299,0
362,1548000000000,0.008674,0.008691,0.00867,0.00869,271.66,1548000059999,2.3561936,31,150.79,1.30806214,0
363,1548000060000,0.008688,0.008696,0.00867,0.00867,197.38,1548000119999,1.71183328,33,12.17,0.1056569,0
364,1548000120000,0.00867,0.008671,0.008655,0.008655,1450.05,1548000179999,12.5708448,84,85.66,0.74222048,0
365,1548000180000,0.008657,0.008686,0.008653,0.008653,610.06,1548000239999,5.28639821,86,261.35,2.26579811,0
366,1548000240000,0.008657,0.008676,0.00865,0.008673,384.05,1548000299999,3.3232047,37,106.2,0.9197063,0
367,1548000300000,0.008673,0.008673,0.00866,0.008663,14.09,1548000359999,0.12204504,4,7.29,0.06315327,0
368,1548000360000,0.008661,0.00867,0.008661,0.00867,105.31,1548000419999,0.91277269,12,98.43,0.85317449,0
369,1548000420000,0.00867,0.008671,0.008663,0.00867,172.33,1548000479999,1.49364743,28,156.55,1.35687933,0
370,1548000480000,0.008669,0.008675,0.008664,0.00867,144.62,1548000539999,1.25386143,17,103.53,0.89776537,0
371,1548000540000,0.008668,0.008673,0.008655,0.008666,25.14,1548000599999,0.21778384,16,12.91,0.11186717,0
372,1548000600000,0.008659,0.008668,0.008652,0.008664,28.41,1548000659999,0.24603432,16,7.35,0.06367562,0
373,1548000660000,0.008668,0.008674,0.008663,0.008673,84.56,1548000719999,0.73279631,26,63.11,0.54693092,0
374,1548000720000,0.008671,0.008671,0.008655,0.008655,207.84,1548000779999,1.80051586,27,21.13,0.18317658,0
375,1548000780000,0.008655,0.008671,0.008654,0.008671,131.23,1548000839999,1.13740087,19,70.89,0.6144471,0
376,1548000840000,0.008668,0.00867,0.008664,0.00867,40.16,1548000899999,0.34810405,10,5.98,0.05182124,0
377,1548000900000,0.008666,0.008668,0.008663,0.008663,72.37,1548000959999,0.62715553,27,49.59,0.42974952,0
378,1548000960000,0.008664,0.008676,0.008659,0.008664,156.49,1548001019999,1.3566371,25,115.51,1.00139906,0
379,1548001020000,0.008663,0.008672,0.008663,0.008666,30.44,1548001079999,0.26378182,11,6.97,0.06041401,0
380,1548001080000,0.008662,0.008667,0.008662,0.008667,16.63,1548001139999,0.14409945,6,9.46,0.08198613,0
381,1548001140000,0.008669,0.008672,0.008661,0.008664,43.82,1548001199999,0.37976463,14,22.39,0.19409692,0
382,1548001200000,0.008668,0.008673,0.008655,0.008673,55.44,1548001259999,0.47999289,10,9.88,0.0856406,0
383,1548001260000,0.00866,0.008668,0.008655,0.008663,44.44,1548001319999,0.38483562,25,9.02,0.0781437,0
384,1548001320000,0.008662,0.008662,0.008653,0.008662,59.54,1548001379999,0.51542195,12,20.02,0.17336787,0
385,1548001380000,0.008661,0.008662,0.008654,0.008654,169.1,1548001439999,1.46395986,20,72.22,0.625401,0
386,1548001440000,0.008654,0.008662,0.008652,0.008658,115.62,1548001499999,1.00077648,20,75.28,0.6516856,0
387,1548001500000,0.008661,0.008672,0.008656,0.008665,205.04,1548001559999,1.77655417,23,192.6,1.66876611,0
388,1548001560000,0.008665,0.008671,0.008658,0.00867,87.46,1548001619999,0.75819308,16,80.13,0.69465271,0
389,1548001620000,0.008671,0.008677,0.008669,0.008671,69.52,1548001679999,0.60299191,16,56.05,0.48617007,0
390,1548001680000,0.008673,0.008674,0.008672,0.008674,31.9,1548001739999,0.27667442,8,29.84,0.25880804,0
391,1548001740000,0.008673,0.008674,0.008671,0.008672,32.01,1548001799999,0.27762113,13,30.93,0.26825625,0
392,1548001800000,0.008672,0.008672,0.008665,0.008666,137.03,1548001859999,1.1879687,13,68.83,0.59672737,0
393,1548001860000,0.008667,0.008676,0.008665,0.008674,167.82,1548001919999,1.45511878,21,151.37,1.31252208,0
394,1548001920000,0.008672,0.008675,0.008666,0.008668,44.69,1548001979999,0.38751825,12,34.53,0.29941059,0
395,1548001980000,0.008668,0.008671,0.008655,0.008666,154.1,1548002039999,1.33461644,27,15.84,0.13726746,0
396,1548002040000,0.008666,0.008667,0.008665,0.008667,34.68,1548002099999,0.3005561,13,7.54,0.06534188,0
397,1548002100000,0.008668,0.008669,0.008666,0.008666,80.08,1548002159999,0.69415036,11,48.35,0.41913945,0
398,1548002160000,0.008669,0.00867,0.008661,0.008661,43.71,1548002219999,0.37880357,16,10.81,0.09371214,0
399,1548002220000,0.008661,0.008665,0.00865,0.00865,970.76,1548002279999,8.3984108,64,19.88,0.17211656,0
400,1548002280000,0.008651,0.008652,0.00865,0.008651,37.25,1548002339999,0.3222611,11,17.28,0.14950521,0
401,1548002340000,0.008651,0.008651,0.008636,0.00864,866.91,1548002399999,7.49757274,75,47.09,0.4069587,0
402,1548002400000,0.008638,0.00865,0.008638,0.00865,121.81,1548002459999,1.0530849,22,112.33,0.97115722,0
403,1548002460000,0.00865,0.008656,0.008642,0.008656,149.25,1548002519999,1.29138485,14,146.61,1.26855325,0
404,1548002520000,0.008656,0.008656,0.008644,0.008649,95.74,1548002579999,0.82851205,15,80.61,0.69764651,0
405,1548002580000,0.008644,0.008647,0.008641,0.008644,37.3,1548002639999,0.32239813,10,23.14,0.20000474,0
406,1548002640000,0.008648,0.008661,0.008646,0.008656,198.02,1548002699999,1.71336047,22,161.55,1.39784903,0
407,1548002700000,0.008663,0.008664,0.008655,0.008655,26.39,1548002759999,0.22855762,10,17.72,0.15346703,0
408,1548002760000,0.008659,0.00866,0.008653,0.008659,24.13,1548002819999,0.20889126,19,17.74,0.15358749,0
409,1548002820000,0.008661,0.008661,0.008654,0.008658,27.21,1548002879999,0.23556452,9,17.79,0.15402562,0
410,1548002880000,0.008657,0.008657,0.008651,0.008657,70.9,1548002939999,0.6137517,9,69.98,0.60579278,0
411,1548002940000,0.008657,0.00866,0.008655,0.008656,62.38,1548002999999,0.54013455,15,50.16,0.43434791,0
412,1548003000000,0.008657,0.00866,0.008653,0.008653,41.26,1548003059999,0.35715974,8,24.84,0.2150532,0
413,1548003060000,0.008659,0.00866,0.008653,0.008657,32.08,1548003119999,0.27775089,11,18.2,0.15759429,0
414,1548003120000,0.008659,0.008663,0.008651,0.00866,37.39,1548003179999,0.32380633,14,27.29,0.23634299,0
415,1548003180000,0.008663,0.008663,0.008656,0.008659,23.8,1548003239999,0.20607647,5,11.38,0.09856058,0
416,1548003240000,0.008658,0.008667,0.008655,0.008667,86.31,1548003299999,0.74770362,14,82.82,0.7174951,0
417,1548003300000,0.008668,0.008668,0.008658,0.008658,39.12,1548003359999,0.33890552,5,21.69,0.1879715,0
418,1548003360000,0.00866,0.008661,0.008651,0.008656,50.16,1548003419999,0.43415492,11,28.29,0.24481995,0
419,1548003420000,0.008657,0.008657,0.008645,0.008645,40.81,1548003479999,0.35291273,18,21.35,0.18458548,0
420,1548003480000,0.008646,0.00865,0.008646,0.00865,22.55,1548003539999,0.19502727,8,18.03,0.15594009,0
421,1548003540000,0.008644,0.008648,0.008643,0.008643,27.31,1548003599999,0.2360757,6,21.38,0.18481678,0
422,1548003600000,0.008645,0.008658,0.008642,0.008658,165.93,1548003659999,1.43496088,15,158.19,1.36806518,0
423,1548003660000,0.008645,0.008651,0.008645,0.008649,33.91,1548003719999,0.29322587,8,21.0,0.18160888,0
424,1548003720000,0.008652,0.008655,0.008646,0.008646,42.09,1548003779999,0.36405895,9,18.44,0.15953636,0
425,1548003780000,0.008647,0.008653,0.008647,0.008653,11.96,1548003839999,0.10345724,11,11.18,0.09670868,0
426,1548003840000,0.008653,0.008656,0.008649,0.008655,55.58,1548003899999,0.48095507,28,53.96,0.46694003,0
427,1548003900000,0.008653,0.008658,0.008649,0.008653,25.84,1548003959999,0.22359705,12,14.7,0.12721976,0
428,1548003960000,0.008653,0.008661,0.008652,0.008656,63.79,1548004019999,0.55239785,15,53.86,0.4664317,0
429,1548004020000,0.008656,0.008657,0.008653,0.008654,18.04,1548004079999,0.15612666,8,10.66,0.09225602,0
430,1548004080000,0.008651,0.008656,0.008649,0.008654,95.86,1548004139999,0.82925862,10,77.58,0.67108648,0
431,1548004140000,0.008657,0.00866,0.008654,0.008657,18.15,1548004199999,0.15711873,12,10.74,0.09296726,0
432,1548004200000,0.00865,0.008662,0.008648,0.008656,112.47,1548004259999,0.97315414,17,24.82,0.21485778,0
433,1548004260000,0.008656,0.00867,0.008656,0.00867,76.04,1548004319999,0.6586634,9,76.04,0.6586634,0
434,1548004320000,0.008664,0.008667,0.008661,0.008665,12.36,1548004379999,0.10709881,8,7.64,0.06620228,0
435,1548004380000,0.008666,0.008667,0.00866,0.008666,28.9,1548004439999,0.2504105,14,20.84,0.18058042,0
436,1548004440000,0.008662,0.008668,0.00866,0.00866,20.72,1548004499999,0.17950862,10,20.47,0.17734362,0
437,1548004500000,0.008662,0.008663,0.008649,0.008654,142.75,1548004559999,1.2355517,19,34.24,0.29644565,0
438,1548004560000,0.008651,0.008657,0.008649,0.008656,50.3,1548004619999,0.43533498,12,32.33,0.2798573,0
439,1548004620000,0.008654,0.008657,0.008646,0.008648,40.73,1548004679999,0.35229825,13,4.88,0.04221287,0
440,1548004680000,0.008654,0.008659,0.008647,0.008658,99.76,1548004739999,0.86298087,21,32.96,0.28522313,0
441,1548004740000,0.008649,0.008657,0.008647,0.008651,59.11,1548004799999,0.51128906,16,18.04,0.15610608,0
442,1548004800000,0.008649,0.008658,0.008648,0.008648,24.49,1548004859999,0.2118741,12,12.27,0.10616578,0
443,1548004860000,0.008657,0.008659,0.008652,0.008657,48.04,1548004919999,0.41593369,13,42.56,0.36849655,0
444,1548004920000,0.008657,0.00866,0.008651,0.008658,211.48,1548004979999,1.83089331,25,115.24,0.99789363,0
445,1548004980000,0.008657,0.008665,0.008652,0.008664,43.99,1548005039999,0.38087904,18,43.99,0.38087904,0
446,1548005040000,0.008664,0.008664,0.008662,0.008664,16.5,1548005099999,0.14294592,7,11.46,0.09928944,0
447,1548005100000,0.008664,0.008664,0.008662,0.008664,16.67,1548005159999,0.14440924,7,13.53,0.11721056,0
448,1548005160000,0.008665,0.008678,0.008665,0.008677,233.03,1548005219999,2.02105953,31,228.47,1.98150821,0
449,1548005220000,0.008671,0.00868,0.008671,0.008671,10.7,1548005279999,0.09280692,7,6.79,0.05890331,0
450,1548005280000,0.008672,0.008672,0.008671,0.008671,11.43,1548005339999,0.09911141,7,11.43,0.09911141,0
451,1548005340000,0.00867,0.008675,0.00866,0.008664,20.46,1548005399999,0.17733139,16,11.52,0.09989646,0
452,1548005400000,0.008667,0.008673,0.008667,0.008673,35.86,1548005459999,0.31089727,9,31.98,0.27726543,0
453,1548005460000,0.008672,0.008672,0.008668,0.008668,18.53,1548005519999,0.16066737,7,18.53,0.16066737,0
454,1548005520000,0.008673,0.008676,0.00867,0.00867,145.4,1548005579999,1.2609455,15,60.41,0.52380831,0
455,1548005580000,0.00867,0.00867,0.008667,0.008668,28.21,1548005639999,0.24454364,8,7.99,0.06926784,0
456,1548005640000,0.008665,0.00867,0.00865,0.00865,125.13,1548005699999,1.08364826,23,7.22,0.0625782,0
457,1548005700000,0.008646,0.008668,0.008646,0.008657,28.78,1548005759999,0.24910913,12,10.05,0.08704485,0
458,1548005760000,0.008655,0.008658,0.008638,0.008649,210.09,1548005819999,1.81654412,30,41.98,0.36306597,0
459,1548005820000,0.008643,0.008687,0.008642,0.008687,205.14,1548005879999,1.77847673,41,143.39,1.2446619,0
460,1548005880000,0.008687,0.008691,0.008653,0.008654,347.23,1548005939999,3.00725284,130,146.88,1.27156191,0
461,1548005940000,0.008659,0.008672,0.008659,0.008669,19.98,1548005999999,0.17314747,16,15.72,0.13623232,0
462,1548006000000,0.008666,0.008666,0.008648,0.008655,25.33,1548006059999,0.21937038,8,4.54,0.03927982,0
463,1548006060000,0.008653,0.008681,0.008653,0.008681,155.42,1548006119999,1.34789156,28,137.4,1.19167765,0
464,1548006120000,0.008679,0.008679,0.008661,0.008671,135.96,1548006179999,1.17915675,35,27.41,0.23769412,0
465,1548006180000,0.008672,0.008675,0.008651,0.008651,57.25,1548006239999,0.49624577,15,0.88,0.0076186,0
466,1548006240000,0.00865,0.008658,0.008649,0.008654,36.47,1548006299999,0.3155844,15,23.3,0.20166055,0
467,1548006300000,0.008655,0.008661,0.008647,0.008652,11.18,1548006359999,0.09672593,9,8.69,0.07518113,0
468,1548006360000,0.008651,0.008662,0.00865,0.008656,140.35,1548006419999,1.21494117,10,130.17,1.12683774,0
469,1548006420000,0.008651,0.008653,0.008641,0.008653,150.2,1548006479999,1.29913526,14,99.72,0.8627749,0
470,1548006480000,0.00865,0.008654,0.008646,0.008652,17.59,1548006539999,0.1521619,9,12.32,0.10658608,0
471,1548006540000,0.008651,0.008654,0.008638,0.008652,173.99,1548006599999,1.50471131,29,35.69,0.30876275,0
472,1548006600000,0.008648,0.008651,0.008647,0.008651,21.53,1548006659999,0.18620438,6,17.49,0.15126242,0
473,1548006660000,0.008648,0.008655,0.008648,0.008655,28.26,1548006719999,0.244521,13,17.34,0.15006927,0
474,1548006720000,0.008656,0.008665,0.008648,0.008662,192.0,1548006779999,1.66221638,49,180.01,1.55844805,0
475,1548006780000,0.008665,0.008665,0.008658,0.008658,35.89,1548006839999,0.31086869,12,12.91,0.11180974,0
476,1548006840000,0.008652,0.008652,0.00863,0.008635,1117.5,1548006899999,9.65475615,105,127.71,1.10301291,0
477,1548006900000,0.008634,0.008639,0.00863,0.008632,55.91,1548006959999,0.48262536,26,17.71,0.15290467,0
478,1548006960000,0.008632,0.008639,0.00863,0.00863,227.2,1548007019999,1.96114384,36,18.0,0.15546143,0
479,1548007020000,0.008632,0.008635,0.00863,0.008635,90.89,1548007079999,0.78456922,21,39.17,0.3381464,0
480,1548007080000,0.008631,0.008644,0.008631,0.008631,111.5,1548007139999,0.96255179,24,19.96,0.17233653,0
481,1548007140000,0.008634,0.008642,0.008631,0.008633,190.89,1548007199999,1.6482726,32,102.39,0.88429977,0
482,1548007200000,0.008632,0.008633,0.00863,0.00863,56.07,1548007259999,0.48390446,17,9.27,0.08001555,0
483,1548007260000,0.00863,0.008638,0.00863,0.00863,339.17,1548007319999,2.9270944,34,12.04,0.10395382,0
484,1548007320000,0.008634,0.008635,0.00863,0.00863,270.64,1548007379999,2.33565117,31,10.61,0.09157954,0
485,1548007380000,0.00863,0.008638,0.00863,0.008635,93.69,1548007439999,0.80868325,20,17.41,0.1503448,0
486,1548007440000,0.008632,0.008634,0.00863,0.008632,62.66,1548007499999,0.54083452,18,23.44,0.20234672,0
487,1548007500000,0.00863,0.008631,0.008627,0.008628,543.04,1548007559999,4.68602445,62,173.28,1.4950826,0
488,1548007560000,0.008627,0.008632,0.008625,0.008631,170.44,1548007619999,1.47045026,22,151.04,1.30307962,0
489,1548007620000,0.008631,0.008635,0.008626,0.008635,66.62,1548007679999,0.57499259,14,50.5,0.43591135,0
490,1548007680000,0.008633,0.008634,0.008626,0.008626,30.73,1548007739999,0.26519156,10,16.83,0.14526618,0
491,1548007740000,0.008631,0.008633,0.008626,0.008626,30.26,1548007799999,0.26109685,8,1.76,0.01519296,0
492,1548007800000,0.008628,0.00863,0.008622,0.008626,77.11,1548007859999,0.66527766,16,33.08,0.28546272,0
493,1548007860000,0.008623,0.008633,0.008623,0.008629,39.14,1548007919999,0.33770755,16,24.7,0.21314637,0
494,1548007920000,0.008629,0.00863,0.008622,0.008624,53.56,1548007979999,0.46207423,20,20.24,0.1746208,0
495,1548007980000,0.008624,0.008627,0.008623,0.008626,159.78,1548008039999,1.37802594,14,123.22,1.06269663,0
496,1548008040000,0.008627,0.008638,0.008626,0.008636,36.06,1548008099999,0.31128933,57,27.48,0.23724838,0
497,1548008100000,0.008631,0.008641,0.008627,0.008627,42.38,1548008159999,0.36581319,15,12.1,0.10446489,0
498,1548008160000,0.008627,0.008632,0.008625,0.008629,26.73,1548008219999,0.23062447,6,21.35,0.18422197,0
499,1548008220000,0.008626,0.008629,0.008622,0.008625,39.14,1548008279999,0.33763105,10,13.29,0.11467941,0
